"","tz_time","month","year","spot_price","GP48_export","GP48_import","GP48_cogen","GP48_wind","GP48_coal","GP48_pumping_con","GP48_cogen_ng","GP48_biomass","GP48_thermosolar","GP48_PV","GP48_CC","GP48_pumping_tur","GP48_nuclear","GP48_hydro_noUGH","GP48_hydro_UGH","GP48_hydro_total","GP48_total","Demand_actual","Demand_scheduled","Demand_forecasted"
"1",2014-01-01,1,2014,33.6190188172043,-1494.10524193548,1607.84295774648,3216.05913978495,8563.1560483871,2784.76586021505,-1512.29451827243,3216.05913978495,573.09811827957,159.247358490566,693.384165232358,2040.67983870968,693.165894736842,6097.26801075269,1007.47244623656,4764.10255376344,5771.575,28363.9389784946,177495.954301075,177292.467741935,177696.845430108
"2",2014-02-01,2,2014,17.1159375,-1883.13779761905,1246.2281098546,2548.77202380952,8376.46889880952,1060.64300595238,-1306.5599609375,2548.77202380952,467.43125,222.948665297741,896.562162162162,1823.478125,584.786666666667,7026.18586309524,1042.06636904762,7530.20074404762,8572.26711309524,29732.3648809524,181083.985119048,181065.446428571,181216.794642857
"3",2014-03-01,3,2014,26.6685060565276,-1595.1930013459,1369.90260492041,2211.47294751009,6565.40538358008,1475.80524899058,-1024.26579861111,2211.47294751009,470.188559892328,601.670694864048,1273.74116575592,1679.34239569314,504.034239130435,7115.51224764468,1010.8800807537,6143.95033647375,7154.83041722746,27206.7001345895,167866.414535666,167674.247644684,168153.730820996
"4",2014-04-01,4,2014,26.4429861111111,-1380.99375,633.023461538462,2022.72805555556,5428.16958333333,1609.31013888889,-1042.56577540107,2022.72805555556,470.513472222222,687.387028657617,1454.95817490494,1657.03013888889,579.8478515625,7031.52486111111,1036.37513888889,5902.33708333333,6938.71222222222,25566.0790277778,155635.059722222,155366.958333333,155752.243055556
"5",2014-05-01,5,2014,42.4073790322581,-1491.5502688172,1142.97085020243,2360.47607526882,5516.7123655914,4184.71290322581,-890.450909090909,2360.47607526882,552.299327956989,985.790835579515,1543.44114583333,1902.35510752688,485.614725274725,5846.51572580645,800.422311827957,3041.91115591398,3842.33346774194,25249.061155914,155961.572580645,155999.338709677,156096.880376344
"6",2014-06-01,6,2014,50.9507222222222,-1421.64638888889,1016.60694444444,2642.22527777778,4412.58208333333,6912.46875,-809.779028697572,2642.22527777778,579.244861111111,1003.36016830295,1465.67796327212,2482.05152777778,395.036960985626,4783.33958333333,718.414444444444,2719.73916666667,3438.15361111111,26365.61,162593.873611111,162694.383333333,162610.244444444
"7",2014-07-01,7,2014,48.2103360215054,-1627.28924731183,968.607661290323,2620.68077956989,4816.47674731183,7193.18629032258,-654.171291866029,2620.68077956989,569.122311827957,1161.67446236559,1537.87798013245,2526.46720430108,325.967721518987,5752.80309139785,596.920564516129,2544.1123655914,3141.03293010753,27679.9397849462,170253.97311828,170335.508064516,170443.654569892
"8",2014-08-01,8,2014,49.9107795698925,-1459.43346774194,1130.18575268817,2447.01841397849,3823.53051075269,6736.62244623656,-601.47602905569,2447.01841397849,593.080241935484,1155.56438172043,1553.61305903399,3038.26720430108,357.333076923077,5695.22594086021,534.139784946237,2265.46424731183,2799.60403225806,25609.501344086,163280.017473118,163276.290322581,163192.711021505
"9",2014-09-01,9,2014,58.8898333333333,-1625.62986111111,1144.45638888889,2691.09638888889,2872.29263888889,7897.18708333333,-728.073553719008,2691.09638888889,587.607083333333,619.928427128427,1313.46799242424,3773.96541666667,310.46064516129,6694.41138888889,492.563888888889,2041.15583333333,2533.71972222222,27734.4748611111,169304.547222222,169311.541666667,169579.886111111
"10",2014-10-01,10,2014,55.1137046979866,-1356.57986577181,938.809798657718,2698.53973154362,4760.34174496644,5882.01771812081,-990.38,2698.53973154362,517.329261744966,428.008579465542,1149.41086142322,2892.91369127517,479.444602851324,6901.39530201342,478.259060402685,1734.37208053691,2212.6311409396,26540.0652348993,159297.051006711,158867.444295302,159346.8
"11",2014-11-01,11,2014,46.7991805555556,-1203.32472222222,1495.40907801418,2499.76152777778,7257.07416666667,4342.72041666667,-1297.08983050847,2499.76152777778,519.654444444444,224.830308880309,815.87619047619,2670.64819444444,652.843273542601,6068.3025,727.315138888889,2687.60166666667,3414.91680555556,26602.3030555556,165314.409722222,164886.75,165374.893055556
"12",2014-12-01,12,2014,47.4718010752688,-1504.59919354839,1173.08044164038,2424.52016129032,6431.32715053763,5425.78279569892,-1243.48563968668,2424.52016129032,543.178494623656,305.115,1000.96088888889,2684.84112903226,614.207524752475,6316.28817204301,879.73185483871,3505.87970430108,4385.61155913978,27454.6439516129,172065.583333333,171731.935483871,172142.663978495
"13",2015-01-01,1,2015,51.596935483871,-1535.28293010753,1226.40139275766,2629.10725806452,6719.05739247312,6592.24677419355,-1225.95326876513,2629.10725806452,543.462634408602,342.609911504425,1062.04173728814,2999.9185483871,645.65011820331,7034.79489247312,703.197715053763,2772.63534946237,3475.83306451613,29530.4154569892,183137.423387097,182854.314516129,183179.157258065
"14",2015-02-01,2,2015,42.5679613095238,-1709.48660714286,1140.74757281553,2603.02098214286,8988.00639880952,4356.18973214286,-1365.77727272727,2603.02098214286,516.661011904762,326.792134831461,1017.22088607595,2528.85848214286,567.626363636364,7002.22767857143,888.790773809524,4446.74107142857,5335.5318452381,31250.4395833333,187958.78422619,187652.553571429,188203.738095238
"15",2015-03-01,3,2015,43.1298923283984,-1487.76164199192,1040.86160714286,2551.89865410498,6557.67092866756,3441.94360699865,-1070.71497890295,2551.89865410498,520.319111709287,657.035650887574,1285.55785582255,2160.83822341857,585.641717791411,6994.01413189771,912.931493943472,4289.41776581427,5202.34925975774,28061.5707940781,170863.275908479,170679.932705249,171002.006729475
"16",2015-04-01,4,2015,45.3376388888889,-1461.80597222222,1133.53939393939,2530.41652777778,5535.02722222222,4074.90875,-940.231797235023,2530.41652777778,435.866944444444,567.112328767123,1438.22586872587,2308.31527777778,437.708163265306,6512.45777777778,790.086388888889,2919.04236111111,3709.12875,26113.8819444444,156986.005555556,156961.775,127133.020833333
"17",2015-05-01,5,2015,45.1218682795699,-1123.0998655914,1347.90483870968,2594.08790322581,6533.83508064516,3764.42540322581,-750.036397748593,2594.08790322581,506.110752688172,985.193622795115,1506.7347972973,2134.29623655914,458.57898989899,4782.81666666667,785.252553763441,3176.30067204301,3961.55322580645,25879.0825268817,159591.366935484,159581.879032258,159902.528225806
"18",2015-06-01,6,2015,54.7289305555556,-1240.76833333333,1240.43013888889,2963.43930555556,4229.83069444444,7384.215,-495.798066298343,2963.43930555556,532.911111111111,1087.31818181818,1658.358203125,2640.39541666667,295.209112709832,5254.24722222222,587.325416666667,2845.12069444444,3432.44611111111,27506.8044444444,169429.681944444,169487.283333333,169451.3
"19",2015-07-01,7,2015,59.5465860215054,-1321.7185483871,1056.95658602151,2950.58602150538,4059.93198924731,8161.23857526882,-565.314935064935,2950.58602150538,570.424596774194,1231.15806451613,1652.95757575758,4656.28938172043,250.508941176471,6475.99072580645,442.659677419355,2298.54690860215,2741.20658602151,30655.0423387097,189272.522849462,189244.467741935,189307.600806452
"20",2015-08-01,8,2015,55.5860752688172,-1392.21317204301,1050.08185483871,2766.68561827957,4213.80201612903,6973.30443548387,-756.968445475638,2766.68561827957,576.21626344086,946.921536351166,1634.32943548387,3182.61303763441,401.320086393089,6672.43306451613,403.665322580645,1821.29569892473,2224.96102150538,27728.5610215054,168079.818548387,167983.35483871,168166.943548387
"21",2015-09-01,9,2015,51.8782777777778,-1130.68555555556,879.91223922114,2999.84680555556,4332.67541666667,6374.1525,-587.974557522124,2999.57972222222,569.088472222222,710.922535211268,1468.64173728814,2783.16402777778,322.465178571429,6769.0675,394.73625,1860.65847222222,2255.39472222222,27180.5244444444,162780.276388889,162623.675,162875.802777778
"22",2015-10-01,10,2015,49.8953020134228,-1079.34751677852,1659.96837837838,2991.38604026846,5339.90604026846,5785.81785234899,-878.287264150943,2990.88832214765,569.812214765101,326.36824925816,976.156007393715,2833.68375838926,430.175918367347,5505.4755704698,400.54067114094,1814.9867114094,2215.52738255034,25193.8539597315,159464.656375839,158921.057718121,159434.597315436
"23",2015-11-01,11,2015,51.1981944444444,-1441.05166666667,2088.8922425952,2992.63722222222,5267.00972222222,6370.14541666667,-1061.81774580336,2991.74625,575.224027777778,415.463301282051,1053.43734439834,2934.90555555556,447.097983870968,5509.23152777778,547.638611111111,2142.73208333333,2690.37069444444,26480.0716666667,166077.144444444,165613.85,166034.855555556
"24",2015-12-01,12,2015,52.6101075268817,-1285.69583333333,2495.69408602151,2954.08010752688,4805.70967741936,6224.60752688172,-1236.38826185102,2952.86129032258,520.993279569892,178.745405405405,832.370575692964,3590.75497311828,509.62138836773,6532.42016129032,488.024462365591,1498.67889784946,1986.70336021505,26524.1990591398,168378.930107527,168156.806451613,168570.510752688
"25",2016-01-01,1,2016,36.5281048387097,-1543.11653225806,2758.89072022161,2915.5061827957,7644.62137096774,3461.57163978495,-1576.35,2914.06922043011,496.265456989247,141.277426160338,748.176086956522,2523.13266129032,671.631826741996,6188.50120967742,807.865860215054,3909.03454301075,4716.90040322581,27824.277688172,173947.409946237,173607.169354839,173987.407258065
"26",2016-02-01,2,2016,27.4990086206897,-1565.43505747126,3004.25653450808,2858.74224137931,8879.74784482759,2518.54396551724,-1410.3638996139,2626.88175287356,378.46408045977,334.457792207792,971.433747412008,1833.52701149425,701.566793168881,5692.5007183908,896.784913793103,5025.6933908046,5922.4783045977,28509.0675287356,180157.350574713,179584.853448276,180225.594827586
"27",2016-03-01,3,2016,27.8045625841184,-1611.7067294751,1943.37407407407,2780.58452220727,7324.84387617766,2204.85114401077,-1168.90879541109,2473.08061911171,267.636608344549,603.219364599092,1130.2597972973,1757.35868102288,534.649194991055,6968.34306864065,938.35935397039,4971.6597577389,5910.01911170929,27961.1421265141,173467.091520861,172823.144010767,173485.616419919
"28",2016-04-01,4,2016,24.1094861111111,-2074.28527777778,1990.43850574713,2792.16652777778,6395.23305555556,1186.53930555556,-1083.70863309353,2473.44152777778,218.376111111111,604.431354642314,1256.58745387454,1576.85472222222,697.609844559585,7010.38402777778,1153.89875,6133.02930555556,7286.92805555556,27517.3248611111,166312.918055556,165960.525,166298.965277778
"29",2016-05-01,5,2016,25.7656451612903,-1343.42446236559,2422.93578363384,2863.07419354839,5393.84623655914,1328.43172043011,-1084.7872246696,2529.01572580645,300.529032258064,713.809289617486,1326.01416526138,1935.57540322581,471.893245469522,5235.33938172043,974.517204301075,5843.63669354839,6818.15389784946,24913.3200268817,158734.329301075,158403.935483871,158739.810483871
"30",2016-06-01,6,2016,38.8968611111111,-966.658472222222,2479.78986111111,3038.16222222222,4590.96013888889,2834.89055555556,-570.475425790754,2682.47458333333,318.941805555556,1174.39902777778,1621.98277153558,2599.53513888889,295.904007285975,6705.23111111111,730.230138888889,3310.54527777778,4040.77541666667,25538.4293055556,168383.820833333,168277.316666667,168385.251388889
"31",2016-07-01,7,2016,40.5273924731183,-1169.74341397849,2382.12190860215,3044.99650537634,4588.32728494624,4906.39166666667,-448.965597667638,2694.34032258065,347.282795698925,1156.62728494624,1165.24212651413,3210.93534946237,203.635084033613,6963.59516129032,519.974193548387,2521.75349462366,3041.72768817204,27621.7713709677,179547.673387097,179345.661290323,179581.509408602
"32",2016-08-01,8,2016,41.1553897849462,-1037.97069892473,2421.25215053763,2865.33844086022,4728.40577956989,4556.18561827957,-479.895,2516.54099462366,365.690053763441,1114.44650537634,1431.79283276451,2734.40067204301,180.675098039216,6923.04180107527,429.089919354839,2330.70147849462,2759.79139784946,26521.8022849462,173189.086021505,172975.233870968,173217.537634409
"33",2016-09-01,9,2016,43.5875555555556,-869.965555555556,2411.71402777778,2980.89263888889,3762.03708333333,5980.67180555556,-399.457340720222,2632.10263888889,349.142638888889,866.502668539326,1296.02173112339,2989.48569444444,207.603904555315,6961.84083333333,356.833333333333,1955.54513888889,2312.37847222222,26641.3044444444,173809.843055556,173648.325,173916.068055556
"34",2016-10-01,10,2016,52.8285637583893,-2148.2532885906,1734.70180722892,3101.31167785235,3256.94684563758,5756.92765100671,-657.169452449568,2749.60255033557,333.069395973154,429.151719197708,1056.45543071161,4455.42362416107,345.521205357143,6847.00966442953,276.829127516778,1922.30751677852,2199.1366442953,26333.0281879195,160240.327516779,159993.261744966,160321.848322148
"35",2016-11-01,11,2016,56.1313888888889,-1728.01680555556,2249.6485915493,3168.24402777778,5436.51375,6185.77097222222,-1010.21324324324,2812.905,338.898472222222,289.363802559415,866.46652173913,4805.98222222222,499.977516059957,5236.39763888889,453.302916666667,1608.835,2062.13791666667,27319.2848611111,172028.175,171681.991666667,171941.388888889
"36",2016-12-01,12,2016,60.485564516129,-1388.20887096774,2653.89352226721,3098.23024193548,3722.1998655914,6776.98642473118,-826.518811881188,2739.96129032258,327.968279569892,296.110672853828,800.21600877193,4456.27459677419,424.065451055662,5828.94287634409,400.266666666667,2067.31397849462,2467.58064516129,27015.8240591398,172417.129032258,172127.725806452,172456.274193548
"37",2017-01-01,1,2017,71.490752688172,-2372.44099462366,1791.82656023222,3233.22298387097,6476.16290322581,6962.07943548387,-1257.97885714286,2878.8811827957,347.882123655914,205.51504178273,844.55790513834,3956.60806451613,530.076955602537,7088.83884408602,394.772177419355,2386.93655913979,2781.70873655914,31203.9096774194,186179.139784946,185914.64516129,186133.852150538
"38",2017-02-01,2,2017,51.7402827380952,-2008.31577380952,2862.92652439024,3248.20029761905,7348.95282738095,4973.74851190476,-1070.29158878505,2893.1681547619,348.387053571429,199.522638436482,921.445398773006,2249.14791666667,456.298578199052,7076.74851190476,797.568898809524,2139.76354166667,2937.33244047619,28571.7543154762,177811.925595238,177564.696428571,177881.410714286
"39",2017-03-01,3,2017,43.1930417227456,-1467.50551816958,3432.2802435724,3196.00834454913,6538.05531628533,2411.47819650067,-755.947272727273,2849.26083445491,282.298115746972,479.498719772404,1390.82515463918,1895.84602960969,420.07015503876,7086.90242261104,777.552220726783,2735.6666218035,3513.21884253028,25615.6213997308,169827.627187079,169513.598923284,169808.804845222
"40",2017-04-01,4,2017,43.6876805555556,-1551.40402777778,2989.72069444444,3078.02375,5990.04458333333,2628.72180555556,-771.821052631579,2776.96375,236.511666666667,779.421652421652,1587.97757936508,1672.96375,361.429934924078,6848.82347222222,635.019722222222,1910.66180555556,2545.68152777778,24138.4705555556,156950.369444444,156701.258333333,156970.833333333
"41",2017-05-01,5,2017,47.1114516129032,-1263.21733870968,3194.84811827957,3121.94448924731,4778.31155913978,4760.56572580645,-575.787841191067,2775.1376344086,316.28252688172,851.487903225806,1601.40295748614,2125.60443548387,304.821413276231,5581.84663978495,553.04126344086,1935.90739247312,2488.94865591398,24293.5733870968,162616.889784946,162583.177419355,162637.422043011
"42",2017-06-01,6,2017,50.218625,-1064.54303797468,2608.51680555556,3209.10444444444,4469.79875,5917.19472222222,-640.769597069597,2849.89361111111,337.879027777778,1089.06833333333,1194.87387640449,4454.61013888889,204.291576086957,5642.80819444444,468.883333333333,1744.54513888889,2213.42847222222,27372.5823611111,180809.313888889,180663.825,180830.845833333
"43",2017-07-01,7,2017,48.634247311828,-1024.3626344086,2720.64946236559,3233.40322580645,4474.55483870968,5414.65591397849,-408.93595505618,2862.36182795699,368.718548387097,1166.79758064516,1215.37432795699,5104.35067204301,202.038872403561,5916.09287634409,373.500672043011,1198.50846774194,1572.00913978495,27625.7471774194,181025.192204301,180893.943548387,181135.268817204
"44",2017-08-01,8,2017,47.4580913978495,-999.295564516129,3441.14932795699,3033.43037634409,4349.33965053763,4002.57647849462,-467.943731778426,2696.61706989247,348.720967741936,966.522580645161,1445.44198198198,4715.99153225806,232.336363636364,6829.68333333333,302.478225806452,1167.61962365591,1470.09784946237,26105.4334677419,176075.352150538,175720,176112.963709677
"45",2017-09-01,9,2017,49.1519305555556,-1049.37804195804,2968.80388888889,3117.29222222222,3987.99861111111,3935.905,-453.942215568862,2766.81166666667,348.874027777778,871.970013947001,1537.04282700422,4524.30291666667,288.876657824934,6571.3675,245.516111111111,1330.72597222222,1576.24208333333,25062.9638888889,168724.765277778,168318.85,168781.404166667
"46",2017-10-01,10,2017,56.7728187919463,-1677.22617449664,2071.53047619048,3182.23422818792,4346.09919463087,5258.77060402685,-608.113920454545,2849.98281879195,332.140536912752,567.945503355705,1256.36996047431,5266.06013422819,321.369417475728,5795.33624161074,186.337852348993,823.793422818792,1010.13127516779,25452.3460402685,163038.190604027,162467.323489933,163140.697986577
"47",2017-11-01,11,2017,59.1886944444444,-2271.20319444444,1849.55100574713,3332.07944444444,5658.74833333333,6494.16444444444,-807.907926829268,2977.39027777778,341.977083333333,350.214090909091,1098.66208425721,6415.50083333333,500.960681818182,5018.60152777778,248.78375,871.092361111111,1119.87611111111,28561.1919444444,174530.65,174159.841666667,174471.913888889
"48",2017-12-01,12,2017,57.9404704301075,-2130.30309139785,1846.52152466368,3300.38024193548,7750.27163978495,5570.7751344086,-1378.94529262087,2962.00967741935,342.754569892473,238.489279731993,787.998196392786,4171.26922043011,584.454732510288,6774.83400537634,490.784005376344,1179.33467741935,1670.1186827957,30146.0817204301,179594.420698925,179164.766129032,179594.522849462
"49",2018-01-01,1,2018,49.9793951612903,-1284.04744623656,3100.55060728745,3311.08696236559,7249.1123655914,4071.5251344086,-1018.66016042781,2968.92002688172,312.19623655914,184.768323863636,815.539641434263,3077.53588709677,520.15601659751,6839.66196236559,730.206451612903,2163.4373655914,2893.6438172043,28121.2922043011,183060.170698925,182588.814516129,183090.052419355
"50",2018-02-01,2,2018,54.8821875,-1602.82142857143,2927.85839636914,3299.97276785714,7022.83824404762,5227.45729166667,-767.342903225806,2949.49836309524,358.363095238095,357.968630573248,1072.1986013986,2963.51220238095,402.721647058824,6818.67261904762,757.207142857143,2743.52797619048,3500.73511904762,29307.4632440476,191053.101190476,190595.919642857,191166.6875
"51",2018-03-01,3,2018,40.18,-2291.9134589502,2082.85096011817,3140.36473755047,10532.3777927322,1777.12853297443,-1271.81832460733,2827.58304172275,283.365006729475,335.155294117647,1119.72469635628,1641.03593539704,553.172124756335,6038.31641991925,1094.77039030956,4800.18882907133,5894.95921938089,29811.0333781965,179019.433378196,178554.209959623,179088.911170929
"52",2018-04-01,4,2018,42.6715972222222,-1167.37666666667,2383.7489539749,3268.31930555556,6302.99722222222,1879.19680555556,-1145.45231092437,2976.56041666667,243.816666666667,519.151702786378,1267.46850094877,1641.96,573.21036036036,5312.29583333333,1168.50833333333,5378.99361111111,6547.50194444444,25764.5970833333,166096.255555556,165909.916666667,166245.355555556
"53",2018-05-01,5,2018,54.915564516129,-1150.17177419355,2996.52567204301,3265.52311827957,4475.41129032258,3044.9751344086,-565.196173469388,2933.5622311828,300.849059139785,702.553601108033,1212.91731066461,2652.0123655914,288.265948275862,5033.34959677419,949.832661290323,3689.60524193548,4639.43790322581,24085.6412634409,161831.700268817,161793.185483871,161864.643817204
"54",2018-06-01,6,2018,58.4596944444444,-625.067387687188,3102.86958333333,3347.67541666667,3732.25472222222,3149.44680555556,-265.71661971831,3010.7025,346.274166666667,841.816991643454,1439.40324324324,3059.7975,128.889743589744,5020.87055555556,921.367777777778,4113.71361111111,5035.08138888889,24226.4981944444,169550.963888889,169469.508333333,169528.741666667
"55",2018-07-01,7,2018,61.8823924731183,-746.849726027397,3270.42177419355,3302.94543010753,3404.7189516129,4707.56129032258,-245.410948905109,2955.43991935484,355.456317204301,1208.21801075269,1583.06174377224,3074.20295698925,119.151155115512,6031.87580645161,633.104838709677,3416.61733870968,4049.72217741935,25649.5591397849,179796.543010753,179782.217741935,179762.14516129
"56",2018-08-01,8,2018,64.3275940860215,-773.866474820144,2381.9372311828,3187.68319892473,4195.34865591398,4736.89314516129,-332.475,2855.72567204301,344.961021505376,1011.2625,1485.80613718412,3640.72956989247,199.385433070866,6909.62163978495,484.356048387097,2351.77755376344,2836.13360215054,26197.8594086022,178350.826612903,178183.669354839,178412.793010753
"57",2018-09-01,9,2018,71.2735694444444,-810.092603129445,2361.83472803347,3336.32166666667,3381.07430555556,5732.06041666667,-255.123106060606,3001.85472222222,354.520972222222,731.7670605613,1384.57600806452,3060.43361111111,124.735598705502,6964.205,429.929166666667,2293.38347222222,2723.31263888889,25832.1326388889,173713.941666667,173618.983333333,173828.022222222
"58",2018-10-01,10,2018,65.0781879194631,-1551.06724832215,1438.8124251497,3363.6355704698,5814.88617449664,4563.4088590604,-1113.24557377049,3011.81100671141,312.137046979866,496.665403624382,1062.18637236084,3461.30966442953,377.8285077951,6912.35395973154,367.669127516779,1631.32348993289,1998.99261744966,26500.846442953,164559.185234899,164336.174496644,164667.190604027
"59",2018-11-01,11,2018,61.9705972222222,-1559.71013888889,1659.74620886981,3385.40236111111,6337.70555555556,5388.68555555556,-861.987786259542,3038.31555555556,325.2875,191.177192982456,687.191115311909,4492.74625,316.576392572944,5328.17486111111,737.958888888889,2227.02111111111,2964.98,27594.4768055556,174720.334722222,174572.716666667,174738.661111111
"60",2018-12-01,12,2018,61.8075403225806,-1547.64327956989,2803.20484522207,3381.74059139785,5737.28978494624,3831.38077956989,-616.746742209632,3049.98669354839,320.979838709677,208.631061806656,806.439562624254,3952.58938172043,301.263227513227,5778.08427419355,806.830913978495,2564.54879032258,3371.37970430108,25990.8991935484,171502.288978495,171169.346774194,171544.758064516
"61",2019-01-01,1,2019,61.9864784946237,-1855.58077956989,2189.16769851952,3562.14260752688,7919.70725806452,4165.07876344086,-851.464375,3216.18064516129,324.986962365591,253.409489051095,938.297963340122,4364.825,377.815921787709,6778.77943548387,576.237634408602,2350.07150537634,2926.30913978495,29676.7161290323,188843.216397849,188482.85483871,188899.188172043
"62",2019-02-01,2,2019,54.0086458333333,-1658.48616071429,3156.33764880952,3540.6224702381,5428.39270833333,3355.72321428571,-826.886089238845,3206.80074404762,341.517410714286,590.584810126582,1263.77956989247,3727.27157738095,429.677298850575,7083.76726190476,854.207440476191,2909.97678571429,3764.18422619048,28005.4616071429,180498.360119048,180257.035714286,180675.474702381
"63",2019-03-01,3,2019,48.8190713324361,-1683.49461641992,3583.6465679677,3472.01736204576,6466.39542395693,1125.52584118439,-758.298072805139,3147.83122476447,331.323014804845,751.306436420722,1441.89065420561,2909.86325706595,336.952328159645,7094.10713324361,699.69730820996,2247.21668909825,2946.91399730821,25411.498384926,167827.123822342,167589.553162853,167984.737550471
"64",2019-04-01,4,2019,50.4068611111111,-1255.46986111111,2765.77569444444,3464.54583333333,6572.31583333333,1016.83027777778,-608.515089514067,3158.99638888889,290.30375,642.517607973422,1322.33236434109,3819.93513888889,310.012413793103,6446.97680555556,689.151527777778,1890.30819444444,2579.45972222222,24458.3769444444,162994.072222222,162825.366666667,163081.044444444
"65",2019-05-01,5,2019,48.3885887096774,-1416.64919354839,2430.90727762803,3423.00201612903,6113.59825268817,485.43252688172,-606.008179419525,3105.92419354839,288.114784946237,1026.46069986541,1634.82383512545,5281.37284946237,300.849635036496,5371.71908602151,698.48064516129,1850.06706989247,2548.54771505376,24784.9233870968,160565.11827957,160547.862903226,160668.15188172
"66",2019-06-01,6,2019,47.1935416666667,-1077.56835443038,1819.37694444444,3376.0875,4360.47180555556,598.052083333333,-297.267871485944,3053.87097222222,308.450972222222,1146.36555555556,1715.01842105263,7182.61583333333,168.083612040134,6489.16763888889,552.257361111111,1687.02055555556,2239.27791666667,26278.5730555556,167061.593055556,167102.941666667,167015.269444444
"67",2019-07-01,7,2019,51.4639650537634,-1006.54842681259,1870.22163978495,3322.05336021505,4221.74435483871,899.9375,-251.248734177215,3002.37083333333,350.446639784946,1056.18173207037,1912.57553816047,9485.86720430108,159.560126582278,6896.90309139785,434.021102150538,1704.62540322581,2138.64650537634,28885.9571236559,183710.956989247,183686.225806452,183729.923387097
"68",2019-08-01,8,2019,44.9607661290323,-1454.11061827957,1919.22163978495,3180.06801075269,3666.33051075269,489.754301075269,-343.343220338983,2881.57338709677,350.906048387097,1058.39198895028,1848.8196969697,9560.28037634409,276.701094890511,6832.37862903226,362.77123655914,1313.63924731183,1676.41048387097,27766.8657258065,172290.252688172,172297.524193548,172301.411290323
"69",2019-09-01,9,2019,42.1137222222222,-1866.66091794159,1993.18664812239,3269.79986111111,5266.505,638.462222222222,-526.381512605042,2964.48583333333,335.439861111111,770.2792,1595.24854932302,7686.38402777778,268.471866295265,6939.66402777778,302.039166666667,1399.82694444444,1701.86611111111,27401.9129166667,166871.111111111,166798.408333333,166983.001388889
"70",2019-10-01,10,2019,47.1672080536913,-1536.28389261745,2315.28306451613,3322.10093959732,5028.52563758389,923.755838926175,-542.885714285714,2995.97879194631,331.833020134228,558.882823129252,1511.48108108108,7675.85261744966,353.555722891566,6078.96067114094,374.948590604027,1089.98080536913,1464.92939597315,26023.6797315436,162926.465771812,162707.468456376,162912.680536913
"71",2019-11-01,11,2019,42.1921111111111,-2220.44777777778,1809.95062586926,3434.30055555556,10324.4968055556,782.827083333333,-905.794567901235,3126.94486111111,344.227638888889,230.584382871537,931.792844036697,5459.59430555556,353.67850877193,4775.555,843.3575,2771.83958333333,3615.19708333333,28838.2466666667,173525.744444444,173321.775,173581.036111111
"72",2019-12-01,12,2019,33.8048924731183,-2028.08521505376,2627.42190860215,3134.61021505376,7372.02768817204,679.287899159664,-1415.97775590551,2890.00967741935,304.204569892473,194.135402298851,778.093981481481,3682.45739247312,577.499267399267,5857.3438172043,1022.06545698925,5202.23091397849,6224.29637096774,27617.0302419355,167311.279569892,167175.709677419,167412.931451613
"73",2020-01-01,1,2020,41.1013978494624,-1518.25712365591,3499.82674731183,3300.26478494624,6323.85940860215,1192.01975806452,-1114.57774725275,3091.05188172043,365.427688172043,246.6861575179,1277.65135699374,4425.10793010753,446.778450363196,7097.97768817204,866.019220430108,4212.48481182796,5078.50403225806,28101.4329301075,183125.422043011,183127.056451613,183157.830645161
"74",2020-02-01,2,2020,35.8686925287356,-1204.87988505747,2733.4519536903,3232.30143678161,6051.17083333333,1211.17270114943,-998.089817232376,3067.04554597701,392.433764367816,489.3138671875,1959.86916666667,3449.03836206897,441.765984654731,7007.83347701149,844.85316091954,3311.6408045977,4156.49396551724,27059.8531609195,171990.564655172,171885.49137931,172071.41091954
"75",2020-03-01,3,2020,27.7400269179004,-1638.67469717362,2308.33581081081,3036.19259757739,7548.56567967699,669.949125168237,-1168.72210144928,2809.74912516824,394.631090174966,452.851537070524,1995.33538461538,1844.16043068641,449.442345924453,6962.39461641992,979.532974427995,3262.12880215343,4241.66177658143,26361.6722745626,160260.698519515,160101.682368775,160519.734858681
"76",2020-04-01,4,2020,17.6529583333333,-1932.43013888889,2276.09734636872,2725.60013888889,5023.03583333333,461.218888888889,-1186.90207612457,2441.18,386.836805555556,388.366924564797,1948.22006980803,2279.25986111111,479.835104364326,5691.32888888889,889.263055555556,3103.93652777778,3993.19958333333,22344.2616666667,135496.886111111,135000.791666667,135609.673611111
"77",2020-05-01,5,2020,21.2549059139785,-1670.61430499325,2604.41219512195,2846.5061827957,5223.4685483871,375.749025069638,-615.763237518911,2504.27836021505,447.387768817204,836.956998556999,2985.15262172285,2674.58051075269,400.840720720721,4164.81626344086,857.522715053763,2929.29301075269,3786.81572580645,22250.9241935484,140958.985215054,140546.120967742,140840.376344086
"78",2020-06-01,6,2020,30.61775,-1930.64158553547,2313.89651324965,3081.8125,4436.16388888889,535.542777777778,-375.224756606398,2723.87569444444,445.911805555556,1068.36853932584,3207.58141263941,5017.13555555556,333.183695652174,5079.70652777778,690.468611111111,2321.40611111111,3011.87472222222,24499.2181944444,153877.395833333,153741.3,153688.765277778
"79",2020-07-01,7,2020,34.6360080645161,-2301.1685483871,1703.79850948509,3151.36975806452,5355.47163978495,423.465053763441,-508.664090909091,2816.94637096774,382.618817204301,1125.45819892473,3161.41213171577,8035.72271505376,366.083682983683,6939.88897849462,505.750672043011,1975.2122311828,2480.96290322581,29720.2560483871,177874.86155914,177811.967741935,177825.349462366
"80",2020-08-01,8,2020,36.1980241935484,-2276.34879032258,1962.14763832659,2980.89865591398,4657.34247311828,467.752822580645,-430.125669957687,2709.34865591398,414.618279569892,1051.20887096774,3248.47245841035,6919.92284946237,363.834803921569,6925.83279569893,429.770564516129,2158.79905913978,2588.56962365591,28201.8673387097,168123.194892473,168034.403225806,168191.875
"81",2020-09-01,9,2020,41.9570833333333,-2397.52013888889,1517.87607788595,3235.08777777778,5568.29694444444,407.37375,-738.471666666667,2927.18347222222,466.607916666667,653.675694444444,2694.17846441948,6383.36347222222,429.826923076923,6783.22513888889,375.972777777778,1969.14944444444,2345.12222222222,27706.0211111111,162468.986111111,162286.041666667,162487.629166667
"82",2020-10-01,10,2020,36.5606577181208,-2057.06375838926,2213.23301886792,3202.82308724832,7589.67033557047,329.334362416107,-914.803316326531,2893.8522147651,481.074630872483,494.382903663501,2305.14605734767,3755.00013422819,477.851198257081,6087.23919463087,527.210067114094,2005.10899328859,2532.31906040268,25520.5402684564,158531.761073826,158165.130201342,158566.495302013
"83",2020-11-01,11,2020,41.9361388888889,-1616.46444444444,3153.18986111111,3339.26263888889,5838.99375,474.359583333333,-768.766492146597,3019.32333333333,469.179444444444,179.534985835694,1599.07848837209,4496.07069444444,422.27697228145,6464.23958333333,612.528888888889,2833.95388888889,3446.48277777778,24957.4697222222,164666,164581.883333333,164723.502777778
"84",2020-12-01,12,2020,41.9652688172043,-2979.31478494624,1901.68135135135,3173.63467741935,10123.499327957,318.183704735376,-1452.03530997305,2908.96680107527,495.059543010753,130.469884726225,1303.16590909091,3445.55685483871,598.944897959184,7071.79784946237,835.526478494624,3439.59287634409,4275.11935483871,29358.1494623656,171798.954301075,171616.733870968,171791.877688172
"85",2021-01-01,1,2021,66.7474537037037,-2285.36527777778,2844.37916666667,3088.99583333333,7521.67546296296,905.661111111111,-1283.41067961165,2854.65555555556,433.405092592593,146.792682926829,1456.00733333333,3388.70185185185,814.1968,7067.22546296296,926.810648148148,4971.93101851852,5898.74166666667,28218.725462963,179862.189814815,179447.305555556,179724.773148148
